지역명,평당분양가격,월,연도
서울,18189.0,12,2013
부산,8111.0,12,2013
대구,8080.0,12,2013
인천,10204.0,12,2013
광주,6098.0,12,2013
대전,8321.0,12,2013
울산,8090.0,12,2013
경기,10855.0,12,2013
세종,7601.0,12,2013
강원,6230.0,12,2013
충북,6589.0,12,2013
충남,6365.0,12,2013
전북,6282.0,12,2013
전남,5678.0,12,2013
경북,6168.0,12,2013
경남,6473.0,12,2013
제주,7674.0,12,2013
서울,19070.5,1,2014
부산,9233.0,1,2014
대구,8317.0,1,2014
인천,10018.0,1,2014
광주,7617.0,1,2014
대전,8327.0,1,2014
울산,8153.0,1,2014
경기,10449.0,1,2014
세종,8067.0,1,2014
강원,6350.0,1,2014
충북,6593.5,1,2014
충남,6724.5,1,2014
전북,6335.0,1,2014
전남,5716.0,1,2014
경북,6555.0,1,2014
경남,6611.5,1,2014
제주,7900.0,1,2014
서울,19070.5,2,2014
부산,9233.0,2,2014
대구,8317.0,2,2014
인천,10018.0,2,2014
광주,7617.0,2,2014
대전,8327.0,2,2014
울산,8153.0,2,2014
경기,10449.0,2,2014
세종,8067.0,2,2014
강원,6350.0,2,2014
충북,6593.5,2,2014
충남,6724.5,2,2014
전북,6335.0,2,2014
전남,5716.0,2,2014
경북,6555.0,2,2014
경남,6611.5,2,2014
제주,7900.0,2,2014
서울,19070.5,3,2014
부산,9233.0,3,2014
대구,8317.0,3,2014
인천,10018.0,3,2014
광주,7617.0,3,2014
대전,8327.0,3,2014
울산,8153.0,3,2014
경기,10449.0,3,2014
세종,8067.0,3,2014
강원,6350.0,3,2014
충북,6593.5,3,2014
충남,6724.5,3,2014
전북,6335.0,3,2014
전남,5716.0,3,2014
경북,6555.0,3,2014
경남,6611.5,3,2014
제주,7900.0,3,2014
서울,19070.5,4,2014
부산,9233.0,4,2014
대구,8317.0,4,2014
인천,10018.0,4,2014
광주,7617.0,4,2014
대전,8327.0,4,2014
울산,8153.0,4,2014
경기,10449.0,4,2014
세종,8067.0,4,2014
강원,6350.0,4,2014
충북,6593.5,4,2014
충남,6724.5,4,2014
전북,6335.0,4,2014
전남,5716.0,4,2014
경북,6555.0,4,2014
경남,6611.5,4,2014
제주,7900.0,4,2014
서울,19070.5,5,2014
부산,9233.0,5,2014
대구,8317.0,5,2014
인천,10018.0,5,2014
광주,7617.0,5,2014
대전,8327.0,5,2014
울산,8153.0,5,2014
경기,10449.0,5,2014
세종,8067.0,5,2014
강원,6350.0,5,2014
충북,6593.5,5,2014
충남,6724.5,5,2014
전북,6335.0,5,2014
전남,5716.0,5,2014
경북,6555.0,5,2014
경남,6611.5,5,2014
제주,7900.0,5,2014
서울,19070.5,6,2014
부산,9233.0,6,2014
대구,8317.0,6,2014
인천,10018.0,6,2014
광주,7617.0,6,2014
대전,8327.0,6,2014
울산,8153.0,6,2014
경기,10449.0,6,2014
세종,8067.0,6,2014
강원,6350.0,6,2014
충북,6593.5,6,2014
충남,6724.5,6,2014
전북,6335.0,6,2014
전남,5716.0,6,2014
경북,6555.0,6,2014
경남,6611.5,6,2014
제주,7900.0,6,2014
서울,19070.5,7,2014
부산,9233.0,7,2014
대구,8317.0,7,2014
인천,10018.0,7,2014
광주,7617.0,7,2014
대전,8327.0,7,2014
울산,8153.0,7,2014
경기,10449.0,7,2014
세종,8067.0,7,2014
강원,6350.0,7,2014
충북,6593.5,7,2014
충남,6724.5,7,2014
전북,6335.0,7,2014
전남,5716.0,7,2014
경북,6555.0,7,2014
경남,6611.5,7,2014
제주,7900.0,7,2014
서울,19070.5,8,2014
부산,9233.0,8,2014
대구,8317.0,8,2014
인천,10018.0,8,2014
광주,7617.0,8,2014
대전,8327.0,8,2014
울산,8153.0,8,2014
경기,10449.0,8,2014
세종,8067.0,8,2014
강원,6350.0,8,2014
충북,6593.5,8,2014
충남,6724.5,8,2014
전북,6335.0,8,2014
전남,5716.0,8,2014
경북,6555.0,8,2014
경남,6611.5,8,2014
제주,7900.0,8,2014
서울,19070.5,9,2014
부산,9233.0,9,2014
대구,8317.0,9,2014
인천,10018.0,9,2014
광주,7617.0,9,2014
대전,8327.0,9,2014
울산,8153.0,9,2014
경기,10449.0,9,2014
세종,8067.0,9,2014
강원,6350.0,9,2014
충북,6593.5,9,2014
충남,6724.5,9,2014
전북,6335.0,9,2014
전남,5716.0,9,2014
경북,6555.0,9,2014
경남,6611.5,9,2014
제주,7900.0,9,2014
서울,19070.5,10,2014
부산,9233.0,10,2014
대구,8317.0,10,2014
인천,10018.0,10,2014
광주,7617.0,10,2014
대전,8327.0,10,2014
울산,8153.0,10,2014
경기,10449.0,10,2014
세종,8067.0,10,2014
강원,6350.0,10,2014
충북,6593.5,10,2014
충남,6724.5,10,2014
전북,6335.0,10,2014
전남,5716.0,10,2014
경북,6555.0,10,2014
경남,6611.5,10,2014
제주,7900.0,10,2014
서울,19070.5,11,2014
부산,9233.0,11,2014
대구,8317.0,11,2014
인천,10018.0,11,2014
광주,7617.0,11,2014
대전,8327.0,11,2014
울산,8153.0,11,2014
경기,10449.0,11,2014
세종,8067.0,11,2014
강원,6350.0,11,2014
충북,6593.5,11,2014
충남,6724.5,11,2014
전북,6335.0,11,2014
전남,5716.0,11,2014
경북,6555.0,11,2014
경남,6611.5,11,2014
제주,7900.0,11,2014
서울,19070.5,12,2014
부산,9233.0,12,2014
대구,8317.0,12,2014
인천,10018.0,12,2014
광주,7617.0,12,2014
대전,8327.0,12,2014
울산,8153.0,12,2014
경기,10449.0,12,2014
세종,8067.0,12,2014
강원,6350.0,12,2014
충북,6593.5,12,2014
충남,6724.5,12,2014
전북,6335.0,12,2014
전남,5716.0,12,2014
경북,6555.0,12,2014
경남,6611.5,12,2014
제주,7900.0,12,2014
서울,19275.3,1,2015
부산,9515.0,1,2015
대구,8542.0,1,2015
인천,10443.0,1,2015
광주,7914.0,1,2015
대전,8079.0,1,2015
울산,9192.0,1,2015
경기,10518.0,1,2015
세종,8669.0,1,2015
강원,6986.0,1,2015
충북,6705.599999999999,1,2015
충남,6975.0,1,2015
전북,6583.0,1,2015
전남,6243.0,1,2015
경북,7006.0,1,2015
경남,7665.0,1,2015
제주,7365.599999999999,1,2015
서울,19275.3,2,2015
부산,9515.0,2,2015
대구,8542.0,2,2015
인천,10443.0,2,2015
광주,7914.0,2,2015
대전,8079.0,2,2015
울산,9192.0,2,2015
경기,10518.0,2,2015
세종,8669.0,2,2015
강원,6986.0,2,2015
충북,6705.599999999999,2,2015
충남,6975.0,2,2015
전북,6583.0,2,2015
전남,6243.0,2,2015
경북,7006.0,2,2015
경남,7665.0,2,2015
제주,7365.599999999999,2,2015
서울,19275.3,3,2015
부산,9515.0,3,2015
대구,8542.0,3,2015
인천,10443.0,3,2015
광주,7914.0,3,2015
대전,8079.0,3,2015
울산,9192.0,3,2015
경기,10518.0,3,2015
세종,8669.0,3,2015
강원,6986.0,3,2015
충북,6705.599999999999,3,2015
충남,6975.0,3,2015
전북,6583.0,3,2015
전남,6243.0,3,2015
경북,7006.0,3,2015
경남,7665.0,3,2015
제주,7365.599999999999,3,2015
서울,19275.3,4,2015
부산,9515.0,4,2015
대구,8542.0,4,2015
인천,10443.0,4,2015
광주,7914.0,4,2015
대전,8079.0,4,2015
울산,9192.0,4,2015
경기,10518.0,4,2015
세종,8669.0,4,2015
강원,6986.0,4,2015
충북,6705.599999999999,4,2015
충남,6975.0,4,2015
전북,6583.0,4,2015
전남,6243.0,4,2015
경북,7006.0,4,2015
경남,7665.0,4,2015
제주,7365.599999999999,4,2015
서울,19275.3,5,2015
부산,9515.0,5,2015
대구,8542.0,5,2015
인천,10443.0,5,2015
광주,7914.0,5,2015
대전,8079.0,5,2015
울산,9192.0,5,2015
경기,10518.0,5,2015
세종,8669.0,5,2015
강원,6986.0,5,2015
충북,6705.599999999999,5,2015
충남,6975.0,5,2015
전북,6583.0,5,2015
전남,6243.0,5,2015
경북,7006.0,5,2015
경남,7665.0,5,2015
제주,7365.599999999999,5,2015
서울,19275.3,6,2015
부산,9515.0,6,2015
대구,8542.0,6,2015
인천,10443.0,6,2015
광주,7914.0,6,2015
대전,8079.0,6,2015
울산,9192.0,6,2015
경기,10518.0,6,2015
세종,8669.0,6,2015
강원,6986.0,6,2015
충북,6705.599999999999,6,2015
충남,6975.0,6,2015
전북,6583.0,6,2015
전남,6243.0,6,2015
경북,7006.0,6,2015
경남,7665.0,6,2015
제주,7365.599999999999,6,2015
서울,19275.3,7,2015
부산,9515.0,7,2015
대구,8542.0,7,2015
인천,10443.0,7,2015
광주,7914.0,7,2015
대전,8079.0,7,2015
울산,9192.0,7,2015
경기,10518.0,7,2015
세종,8669.0,7,2015
강원,6986.0,7,2015
충북,6705.599999999999,7,2015
충남,6975.0,7,2015
전북,6583.0,7,2015
전남,6243.0,7,2015
경북,7006.0,7,2015
경남,7665.0,7,2015
제주,7365.599999999999,7,2015
서울,19275.3,8,2015
부산,9515.0,8,2015
대구,8542.0,8,2015
인천,10443.0,8,2015
광주,7914.0,8,2015
대전,8079.0,8,2015
울산,9192.0,8,2015
경기,10518.0,8,2015
세종,8669.0,8,2015
강원,6986.0,8,2015
충북,6705.599999999999,8,2015
충남,6975.0,8,2015
전북,6583.0,8,2015
전남,6243.0,8,2015
경북,7006.0,8,2015
경남,7665.0,8,2015
제주,7365.599999999999,8,2015
서울,19275.3,10,2015
인천,10443.0,10,2015
경기,10518.0,10,2015
부산,9515.0,10,2015
대구,8542.0,10,2015
광주,7914.0,10,2015
대전,8079.0,10,2015
울산,9192.0,10,2015
세종,8669.0,10,2015
강원,6986.0,10,2015
충북,6705.599999999999,10,2015
충남,6975.0,10,2015
전북,6583.0,10,2015
전남,6243.0,10,2015
경북,7006.0,10,2015
경남,7665.0,10,2015
제주,7365.599999999999,10,2015
서울,19275.3,11,2015
인천,10443.0,11,2015
경기,10518.0,11,2015
부산,9515.0,11,2015
대구,8542.0,11,2015
광주,7914.0,11,2015
대전,8079.0,11,2015
울산,9192.0,11,2015
세종,8669.0,11,2015
강원,6986.0,11,2015
충북,6705.599999999999,11,2015
충남,6975.0,11,2015
전북,6583.0,11,2015
전남,6243.0,11,2015
경북,7006.0,11,2015
경남,7665.0,11,2015
제주,7365.599999999999,11,2015
서울,19275.3,12,2015
인천,10443.0,12,2015
경기,10518.0,12,2015
부산,9515.0,12,2015
대구,8542.0,12,2015
광주,7914.0,12,2015
대전,8079.0,12,2015
울산,9192.0,12,2015
세종,8669.0,12,2015
강원,6986.0,12,2015
충북,6705.599999999999,12,2015
충남,6975.0,12,2015
전북,6583.0,12,2015
전남,6243.0,12,2015
경북,7006.0,12,2015
경남,7665.0,12,2015
제주,7365.599999999999,12,2015
서울,20654.7,1,2016
인천,10531.95,1,2016
경기,11342.099999999999,1,2016
부산,10414.8,1,2016
대구,10335.6,1,2016
광주,8987.55,1,2016
대전,8380.35,1,2016
울산,10127.7,1,2016
세종,8860.5,1,2016
강원,6964.65,1,2016
충북,6801.299999999999,1,2016
충남,7377.15,1,2016
전북,6369.0,1,2016
전남,6491.099999999999,1,2016
경북,7385.4,1,2016
경남,7865.549999999999,1,2016
제주,9329.1,1,2016
서울,20654.7,2,2016
인천,10531.95,2,2016
경기,11342.099999999999,2,2016
부산,10414.8,2,2016
대구,10335.6,2,2016
광주,8987.55,2,2016
대전,8380.35,2,2016
울산,10127.7,2,2016
세종,8860.5,2,2016
강원,6964.65,2,2016
충북,6801.299999999999,2,2016
충남,7377.15,2,2016
전북,6369.0,2,2016
전남,6491.099999999999,2,2016
경북,7385.4,2,2016
경남,7865.549999999999,2,2016
제주,9329.1,2,2016
서울,20654.7,3,2016
인천,10531.95,3,2016
경기,11342.099999999999,3,2016
부산,10414.8,3,2016
대구,10335.6,3,2016
광주,8987.55,3,2016
대전,8380.35,3,2016
울산,10127.7,3,2016
세종,8860.5,3,2016
강원,6964.65,3,2016
충북,6801.299999999999,3,2016
충남,7377.15,3,2016
전북,6369.0,3,2016
전남,6491.099999999999,3,2016
경북,7385.4,3,2016
경남,7865.549999999999,3,2016
제주,9329.1,3,2016
서울,20654.7,4,2016
인천,10531.95,4,2016
경기,11342.099999999999,4,2016
부산,10414.8,4,2016
대구,10335.6,4,2016
광주,8987.55,4,2016
대전,8380.35,4,2016
울산,10127.7,4,2016
세종,8860.5,4,2016
강원,6964.65,4,2016
충북,6801.299999999999,4,2016
충남,7377.15,4,2016
전북,6369.0,4,2016
전남,6491.099999999999,4,2016
경북,7385.4,4,2016
경남,7865.549999999999,4,2016
제주,9329.1,4,2016
서울,20654.7,5,2016
인천,10531.95,5,2016
경기,11342.099999999999,5,2016
부산,10414.8,5,2016
대구,10335.6,5,2016
광주,8987.55,5,2016
대전,8380.35,5,2016
울산,10127.7,5,2016
세종,8860.5,5,2016
강원,6964.65,5,2016
충북,6801.299999999999,5,2016
충남,7377.15,5,2016
전북,6369.0,5,2016
전남,6491.099999999999,5,2016
경북,7385.4,5,2016
경남,7865.549999999999,5,2016
제주,9329.1,5,2016
서울,20654.7,6,2016
인천,10531.95,6,2016
경기,11342.099999999999,6,2016
부산,10414.8,6,2016
대구,10335.6,6,2016
광주,8987.55,6,2016
대전,8380.35,6,2016
울산,10127.7,6,2016
세종,8860.5,6,2016
강원,6964.65,6,2016
충북,6801.299999999999,6,2016
충남,7377.15,6,2016
전북,6369.0,6,2016
전남,6491.099999999999,6,2016
경북,7385.4,6,2016
경남,7865.549999999999,6,2016
제주,9329.1,6,2016
서울,20654.7,7,2016
인천,10531.95,7,2016
경기,11342.099999999999,7,2016
부산,10414.8,7,2016
대구,10335.6,7,2016
광주,8987.55,7,2016
대전,8380.35,7,2016
울산,10127.7,7,2016
세종,8860.5,7,2016
강원,6964.65,7,2016
충북,6801.299999999999,7,2016
충남,7377.15,7,2016
전북,6369.0,7,2016
전남,6491.099999999999,7,2016
경북,7385.4,7,2016
경남,7865.549999999999,7,2016
제주,9329.1,7,2016
서울,20654.7,8,2016
인천,10531.95,8,2016
경기,11342.099999999999,8,2016
부산,10414.8,8,2016
대구,10335.6,8,2016
광주,8987.55,8,2016
대전,8380.35,8,2016
울산,10127.7,8,2016
세종,8860.5,8,2016
강원,6964.65,8,2016
충북,6801.299999999999,8,2016
충남,7377.15,8,2016
전북,6369.0,8,2016
전남,6491.099999999999,8,2016
경북,7385.4,8,2016
경남,7865.549999999999,8,2016
제주,9329.1,8,2016
서울,20654.7,9,2016
인천,10531.95,9,2016
경기,11342.099999999999,9,2016
부산,10414.8,9,2016
대구,10335.6,9,2016
광주,8987.55,9,2016
대전,8380.35,9,2016
울산,10127.7,9,2016
세종,8860.5,9,2016
강원,6964.65,9,2016
충북,6801.299999999999,9,2016
충남,7377.15,9,2016
전북,6369.0,9,2016
전남,6491.099999999999,9,2016
경북,7385.4,9,2016
경남,7865.549999999999,9,2016
제주,9329.1,9,2016
서울,20654.7,10,2016
인천,10531.95,10,2016
경기,11342.099999999999,10,2016
부산,10414.8,10,2016
대구,10335.6,10,2016
광주,8987.55,10,2016
대전,8380.35,10,2016
울산,10127.7,10,2016
세종,8860.5,10,2016
강원,6964.65,10,2016
충북,6801.299999999999,10,2016
충남,7377.15,10,2016
전북,6369.0,10,2016
전남,6491.099999999999,10,2016
경북,7385.4,10,2016
경남,7865.549999999999,10,2016
제주,9329.1,10,2016
서울,20654.7,11,2016
인천,10531.95,11,2016
경기,11342.099999999999,11,2016
부산,10414.8,11,2016
대구,10335.6,11,2016
광주,8987.55,11,2016
대전,8380.35,11,2016
울산,10127.7,11,2016
세종,8860.5,11,2016
강원,6964.65,11,2016
충북,6801.299999999999,11,2016
충남,7377.15,11,2016
전북,6369.0,11,2016
전남,6491.099999999999,11,2016
경북,7385.4,11,2016
경남,7865.549999999999,11,2016
제주,9329.1,11,2016
서울,20654.7,12,2016
인천,10531.95,12,2016
경기,11342.099999999999,12,2016
부산,10414.8,12,2016
대구,10335.6,12,2016
광주,8987.55,12,2016
대전,8380.35,12,2016
울산,10127.7,12,2016
세종,8860.5,12,2016
강원,6964.65,12,2016
충북,6801.299999999999,12,2016
충남,7377.15,12,2016
전북,6369.0,12,2016
전남,6491.099999999999,12,2016
경북,7385.4,12,2016
경남,7865.549999999999,12,2016
제주,9329.1,12,2016
서울,21402.15,1,2017
인천,10875.15,1,2017
경기,11919.6,1,2017
부산,11851.95,1,2017
대구,11231.55,1,2017
광주,9551.85,1,2017
대전,9035.4,1,2017
울산,11488.95,1,2017
세종,9018.9,1,2017
강원,7057.049999999999,1,2017
충북,6765.0,1,2017
충남,7448.099999999999,1,2017
전북,7222.049999999999,1,2017
전남,7114.799999999999,1,2017
경북,7835.849999999999,1,2017
경남,8052.0,1,2017
제주,10885.05,1,2017
서울,21402.15,2,2017
인천,10875.15,2,2017
경기,11919.6,2,2017
부산,11851.95,2,2017
대구,11231.55,2,2017
광주,9551.85,2,2017
대전,9035.4,2,2017
울산,11488.95,2,2017
세종,9018.9,2,2017
강원,7057.049999999999,2,2017
충북,6765.0,2,2017
충남,7448.099999999999,2,2017
전북,7222.049999999999,2,2017
전남,7114.799999999999,2,2017
경북,7835.849999999999,2,2017
경남,8052.0,2,2017
제주,10885.05,2,2017
서울,21402.15,3,2017
인천,10875.15,3,2017
경기,11919.6,3,2017
부산,11851.95,3,2017
대구,11231.55,3,2017
광주,9551.85,3,2017
대전,9035.4,3,2017
울산,11488.95,3,2017
세종,9018.9,3,2017
강원,7057.049999999999,3,2017
충북,6765.0,3,2017
충남,7448.099999999999,3,2017
전북,7222.049999999999,3,2017
전남,7114.799999999999,3,2017
경북,7835.849999999999,3,2017
경남,8052.0,3,2017
제주,10885.05,3,2017
서울,21402.15,4,2017
인천,10875.15,4,2017
경기,11919.6,4,2017
부산,11851.95,4,2017
대구,11231.55,4,2017
광주,9551.85,4,2017
대전,9035.4,4,2017
울산,11488.95,4,2017
세종,9018.9,4,2017
강원,7057.049999999999,4,2017
충북,6765.0,4,2017
충남,7448.099999999999,4,2017
전북,7222.049999999999,4,2017
전남,7114.799999999999,4,2017
경북,7835.849999999999,4,2017
경남,8052.0,4,2017
제주,10885.05,4,2017
서울,21402.15,5,2017
인천,10875.15,5,2017
경기,11919.6,5,2017
부산,11851.95,5,2017
대구,11231.55,5,2017
광주,9551.85,5,2017
대전,9035.4,5,2017
울산,11488.95,5,2017
세종,9018.9,5,2017
강원,7057.049999999999,5,2017
충북,6765.0,5,2017
충남,7448.099999999999,5,2017
전북,7222.049999999999,5,2017
전남,7114.799999999999,5,2017
경북,7835.849999999999,5,2017
경남,8052.0,5,2017
제주,10885.05,5,2017
서울,21402.15,6,2017
인천,10875.15,6,2017
경기,11919.6,6,2017
부산,11851.95,6,2017
대구,11231.55,6,2017
광주,9551.85,6,2017
대전,9035.4,6,2017
울산,11488.95,6,2017
세종,9018.9,6,2017
강원,7057.049999999999,6,2017
충북,6765.0,6,2017
충남,7448.099999999999,6,2017
전북,7222.049999999999,6,2017
전남,7114.799999999999,6,2017
경북,7835.849999999999,6,2017
경남,8052.0,6,2017
제주,10885.05,6,2017
서울,21402.15,7,2017
인천,10875.15,7,2017
경기,11919.6,7,2017
부산,11851.95,7,2017
대구,11231.55,7,2017
광주,9551.85,7,2017
대전,9035.4,7,2017
울산,11488.95,7,2017
세종,9018.9,7,2017
강원,7057.049999999999,7,2017
충북,6765.0,7,2017
충남,7448.099999999999,7,2017
전북,7222.049999999999,7,2017
전남,7114.799999999999,7,2017
경북,7835.849999999999,7,2017
경남,8052.0,7,2017
제주,10885.05,7,2017
서울,21402.15,8,2017
인천,10875.15,8,2017
경기,11919.6,8,2017
부산,11851.95,8,2017
대구,11231.55,8,2017
광주,9551.85,8,2017
대전,9035.4,8,2017
울산,11488.95,8,2017
세종,9018.9,8,2017
강원,7057.049999999999,8,2017
충북,6765.0,8,2017
충남,7448.099999999999,8,2017
전북,7222.049999999999,8,2017
전남,7114.799999999999,8,2017
경북,7835.849999999999,8,2017
경남,8052.0,8,2017
제주,10885.05,8,2017
서울,21402.15,9,2017
인천,10875.15,9,2017
경기,11919.6,9,2017
부산,11851.95,9,2017
대구,11231.55,9,2017
광주,9551.85,9,2017
대전,9035.4,9,2017
울산,11488.95,9,2017
세종,9018.9,9,2017
강원,7057.049999999999,9,2017
충북,6765.0,9,2017
충남,7448.099999999999,9,2017
전북,7222.049999999999,9,2017
전남,7114.799999999999,9,2017
경북,7835.849999999999,9,2017
경남,8052.0,9,2017
제주,10885.05,9,2017
서울,21402.15,10,2017
인천,10875.15,10,2017
경기,11919.6,10,2017
부산,11851.95,10,2017
대구,11231.55,10,2017
광주,9551.85,10,2017
대전,9035.4,10,2017
울산,11488.95,10,2017
세종,9018.9,10,2017
강원,7057.049999999999,10,2017
충북,6765.0,10,2017
충남,7448.099999999999,10,2017
전북,7222.049999999999,10,2017
전남,7114.799999999999,10,2017
경북,7835.849999999999,10,2017
경남,8052.0,10,2017
제주,10885.05,10,2017
서울,21402.15,11,2017
인천,10875.15,11,2017
경기,11919.6,11,2017
부산,11851.95,11,2017
대구,11231.55,11,2017
광주,9551.85,11,2017
대전,9035.4,11,2017
울산,11488.95,11,2017
세종,9018.9,11,2017
강원,7057.049999999999,11,2017
충북,6765.0,11,2017
충남,7448.099999999999,11,2017
전북,7222.049999999999,11,2017
전남,7114.799999999999,11,2017
경북,7835.849999999999,11,2017
경남,8052.0,11,2017
제주,10885.05,11,2017
서울,21402.15,12,2017
인천,10875.15,12,2017
경기,11919.6,12,2017
부산,11851.95,12,2017
대구,11231.55,12,2017
광주,9551.85,12,2017
대전,9035.4,12,2017
울산,11488.95,12,2017
세종,9018.9,12,2017
강원,7057.049999999999,12,2017
충북,6765.0,12,2017
충남,7448.099999999999,12,2017
전북,7222.049999999999,12,2017
전남,7114.799999999999,12,2017
경북,7835.849999999999,12,2017
경남,8052.0,12,2017
제주,10885.05,12,2017
서울,22567.05,1,2018
인천,11233.2,1,2018
경기,13099.35,1,2018
부산,12926.1,1,2018
대구,12178.650000000001,1,2018
광주,9678.9,1,2018
대전,9807.6,1,2018
울산,10312.5,1,2018
세종,10388.4,1,2018
강원,7669.2,1,2018
충북,7870.5,1,2018
충남,8030.549999999999,1,2018
전북,7652.699999999999,1,2018
전남,7774.799999999999,1,2018
경북,8667.45,1,2018
경남,8898.45,1,2018
제주,11649.0,1,2018
서울,22567.05,2,2018
인천,11233.2,2,2018
경기,13099.35,2,2018
부산,12926.1,2,2018
대구,12178.650000000001,2,2018
광주,9678.9,2,2018
대전,9807.6,2,2018
울산,10312.5,2,2018
세종,10388.4,2,2018
강원,7669.2,2,2018
충북,7870.5,2,2018
충남,8030.549999999999,2,2018
전북,7652.699999999999,2,2018
전남,7774.799999999999,2,2018
경북,8667.45,2,2018
경남,8898.45,2,2018
제주,11649.0,2,2018
서울,22567.05,3,2018
인천,11233.2,3,2018
경기,13099.35,3,2018
부산,12926.1,3,2018
대구,12178.650000000001,3,2018
광주,9678.9,3,2018
대전,9807.6,3,2018
울산,10312.5,3,2018
세종,10388.4,3,2018
강원,7669.2,3,2018
충북,7870.5,3,2018
충남,8030.549999999999,3,2018
전북,7652.699999999999,3,2018
전남,7774.799999999999,3,2018
경북,8667.45,3,2018
경남,8898.45,3,2018
제주,11649.0,3,2018
서울,22567.05,4,2018
인천,11233.2,4,2018
경기,13099.35,4,2018
부산,12926.1,4,2018
대구,12178.650000000001,4,2018
광주,9678.9,4,2018
대전,9807.6,4,2018
울산,10312.5,4,2018
세종,10388.4,4,2018
강원,7669.2,4,2018
충북,7870.5,4,2018
충남,8030.549999999999,4,2018
전북,7652.699999999999,4,2018
전남,7774.799999999999,4,2018
경북,8667.45,4,2018
경남,8898.45,4,2018
제주,11649.0,4,2018
서울,22567.05,5,2018
인천,11233.2,5,2018
경기,13099.35,5,2018
부산,12926.1,5,2018
대구,12178.650000000001,5,2018
광주,9678.9,5,2018
대전,9807.6,5,2018
울산,10312.5,5,2018
세종,10388.4,5,2018
강원,7669.2,5,2018
충북,7870.5,5,2018
충남,8030.549999999999,5,2018
전북,7652.699999999999,5,2018
전남,7774.799999999999,5,2018
경북,8667.45,5,2018
경남,8898.45,5,2018
제주,11649.0,5,2018
서울,22567.05,6,2018
인천,11233.2,6,2018
경기,13099.35,6,2018
부산,12926.1,6,2018
대구,12178.650000000001,6,2018
광주,9678.9,6,2018
대전,9807.6,6,2018
울산,10312.5,6,2018
세종,10388.4,6,2018
강원,7669.2,6,2018
충북,7870.5,6,2018
충남,8030.549999999999,6,2018
전북,7652.699999999999,6,2018
전남,7774.799999999999,6,2018
경북,8667.45,6,2018
경남,8898.45,6,2018
제주,11649.0,6,2018
서울,22567.05,7,2018
인천,11233.2,7,2018
경기,13099.35,7,2018
부산,12926.1,7,2018
대구,12178.650000000001,7,2018
광주,9678.9,7,2018
대전,9807.6,7,2018
울산,10312.5,7,2018
세종,10388.4,7,2018
강원,7669.2,7,2018
충북,7870.5,7,2018
충남,8030.549999999999,7,2018
전북,7652.699999999999,7,2018
전남,7774.799999999999,7,2018
경북,8667.45,7,2018
경남,8898.45,7,2018
제주,11649.0,7,2018
서울,22567.05,8,2018
인천,11233.2,8,2018
경기,13099.35,8,2018
부산,12926.1,8,2018
대구,12178.650000000001,8,2018
광주,9678.9,8,2018
대전,9807.6,8,2018
울산,10312.5,8,2018
세종,10388.4,8,2018
강원,7669.2,8,2018
충북,7870.5,8,2018
충남,8030.549999999999,8,2018
전북,7652.699999999999,8,2018
전남,7774.799999999999,8,2018
경북,8667.45,8,2018
경남,8898.45,8,2018
제주,11649.0,8,2018
서울,22567.05,9,2018
인천,11233.2,9,2018
경기,13099.35,9,2018
부산,12926.1,9,2018
대구,12178.650000000001,9,2018
광주,9678.9,9,2018
대전,9807.6,9,2018
울산,10312.5,9,2018
세종,10388.4,9,2018
강원,7669.2,9,2018
충북,7870.5,9,2018
충남,8030.549999999999,9,2018
전북,7652.699999999999,9,2018
전남,7774.799999999999,9,2018
경북,8667.45,9,2018
경남,8898.45,9,2018
제주,11649.0,9,2018
서울,22567.05,10,2018
인천,11233.2,10,2018
경기,13099.35,10,2018
부산,12926.1,10,2018
대구,12178.650000000001,10,2018
광주,9678.9,10,2018
대전,9807.6,10,2018
울산,10312.5,10,2018
세종,10388.4,10,2018
강원,7669.2,10,2018
충북,7870.5,10,2018
충남,8030.549999999999,10,2018
전북,7652.699999999999,10,2018
전남,7774.799999999999,10,2018
경북,8667.45,10,2018
경남,8898.45,10,2018
제주,11649.0,10,2018
서울,22567.05,11,2018
인천,11233.2,11,2018
경기,13099.35,11,2018
부산,12926.1,11,2018
대구,12178.650000000001,11,2018
광주,9678.9,11,2018
대전,9807.6,11,2018
울산,10312.5,11,2018
세종,10388.4,11,2018
강원,7669.2,11,2018
충북,7870.5,11,2018
충남,8030.549999999999,11,2018
전북,7652.699999999999,11,2018
전남,7774.799999999999,11,2018
경북,8667.45,11,2018
경남,8898.45,11,2018
제주,11649.0,11,2018
서울,22567.05,12,2018
인천,11233.2,12,2018
경기,13099.35,12,2018
부산,12926.1,12,2018
대구,12178.650000000001,12,2018
광주,9678.9,12,2018
대전,9807.6,12,2018
울산,10312.5,12,2018
세종,10388.4,12,2018
강원,7669.2,12,2018
충북,7870.5,12,2018
충남,8030.549999999999,12,2018
전북,7652.699999999999,12,2018
전남,7774.799999999999,12,2018
경북,8667.45,12,2018
경남,8898.45,12,2018
제주,11649.0,12,2018
서울,26428.05,1,2019
인천,12827.1,1,2019
경기,14487.0,1,2019
부산,13061.4,1,2019
대구,13963.95,1,2019
광주,12071.4,1,2019
대전,11866.8,1,2019
울산,10362.0,1,2019
세종,11411.4,1,2019
강원,8221.95,1,2019
충북,7570.199999999999,1,2019
충남,8598.15,1,2019
전북,8146.049999999999,1,2019
전남,7920.0,1,2019
경북,8723.55,1,2019
경남,9791.1,1,2019
제주,12561.45,1,2019
서울,26428.05,2,2019
인천,12827.1,2,2019
경기,14487.0,2,2019
부산,13061.4,2,2019
대구,13963.95,2,2019
광주,12071.4,2,2019
대전,11866.8,2,2019
울산,10362.0,2,2019
세종,11411.4,2,2019
강원,8221.95,2,2019
충북,7570.199999999999,2,2019
충남,8598.15,2,2019
전북,8146.049999999999,2,2019
전남,7920.0,2,2019
경북,8723.55,2,2019
경남,9791.1,2,2019
제주,12561.45,2,2019
서울,26428.05,3,2019
인천,12827.1,3,2019
경기,14487.0,3,2019
부산,13061.4,3,2019
대구,13963.95,3,2019
광주,12071.4,3,2019
대전,11866.8,3,2019
울산,10362.0,3,2019
세종,11411.4,3,2019
강원,8221.95,3,2019
충북,7570.199999999999,3,2019
충남,8598.15,3,2019
전북,8146.049999999999,3,2019
전남,7920.0,3,2019
경북,8723.55,3,2019
경남,9791.1,3,2019
제주,12561.45,3,2019
서울,26428.05,4,2019
인천,12827.1,4,2019
경기,14487.0,4,2019
부산,13061.4,4,2019
대구,13963.95,4,2019
광주,12071.4,4,2019
대전,11866.8,4,2019
울산,10362.0,4,2019
세종,11411.4,4,2019
강원,8221.95,4,2019
충북,7570.199999999999,4,2019
충남,8598.15,4,2019
전북,8146.049999999999,4,2019
전남,7920.0,4,2019
경북,8723.55,4,2019
경남,9791.1,4,2019
제주,12561.45,4,2019
서울,26428.05,5,2019
인천,12827.1,5,2019
경기,14487.0,5,2019
부산,13061.4,5,2019
대구,13963.95,5,2019
광주,12071.4,5,2019
대전,11866.8,5,2019
울산,10362.0,5,2019
세종,11411.4,5,2019
강원,8221.95,5,2019
충북,7570.199999999999,5,2019
충남,8598.15,5,2019
전북,8146.049999999999,5,2019
전남,7920.0,5,2019
경북,8723.55,5,2019
경남,9791.1,5,2019
제주,12561.45,5,2019
서울,26428.05,6,2019
인천,12827.1,6,2019
경기,14487.0,6,2019
부산,13061.4,6,2019
대구,13963.95,6,2019
광주,12071.4,6,2019
대전,11866.8,6,2019
울산,10362.0,6,2019
세종,11411.4,6,2019
강원,8221.95,6,2019
충북,7570.199999999999,6,2019
충남,8598.15,6,2019
전북,8146.049999999999,6,2019
전남,7920.0,6,2019
경북,8723.55,6,2019
경남,9791.1,6,2019
제주,12561.45,6,2019
서울,26428.05,7,2019
인천,12827.1,7,2019
경기,14487.0,7,2019
부산,13061.4,7,2019
대구,13963.95,7,2019
광주,12071.4,7,2019
대전,11866.8,7,2019
울산,10362.0,7,2019
세종,11411.4,7,2019
강원,8221.95,7,2019
충북,7570.199999999999,7,2019
충남,8598.15,7,2019
전북,8146.049999999999,7,2019
전남,7920.0,7,2019
경북,8723.55,7,2019
경남,9791.1,7,2019
제주,12561.45,7,2019
서울,26428.05,8,2019
인천,12827.1,8,2019
경기,14487.0,8,2019
부산,13061.4,8,2019
대구,13963.95,8,2019
광주,12071.4,8,2019
대전,11866.8,8,2019
울산,10362.0,8,2019
세종,11411.4,8,2019
강원,8221.95,8,2019
충북,7570.199999999999,8,2019
충남,8598.15,8,2019
전북,8146.049999999999,8,2019
전남,7920.0,8,2019
경북,8723.55,8,2019
경남,9791.1,8,2019
제주,12561.45,8,2019
서울,26428.05,9,2019
인천,12827.1,9,2019
경기,14487.0,9,2019
부산,13061.4,9,2019
대구,13963.95,9,2019
광주,12071.4,9,2019
대전,11866.8,9,2019
울산,10362.0,9,2019
세종,11411.4,9,2019
강원,8221.95,9,2019
충북,7570.199999999999,9,2019
충남,8598.15,9,2019
전북,8146.049999999999,9,2019
전남,7920.0,9,2019
경북,8723.55,9,2019
경남,9791.1,9,2019
제주,12561.45,9,2019
서울,26428.05,10,2019
인천,12827.1,10,2019
경기,14487.0,10,2019
부산,13061.4,10,2019
대구,13963.95,10,2019
광주,12071.4,10,2019
대전,11866.8,10,2019
울산,10362.0,10,2019
세종,11411.4,10,2019
강원,8221.95,10,2019
충북,7570.199999999999,10,2019
충남,8598.15,10,2019
전북,8146.049999999999,10,2019
전남,7920.0,10,2019
경북,8723.55,10,2019
경남,9791.1,10,2019
제주,12561.45,10,2019
서울,26428.05,11,2019
인천,12827.1,11,2019
경기,14487.0,11,2019
부산,13061.4,11,2019
대구,13963.95,11,2019
광주,12071.4,11,2019
대전,11866.8,11,2019
울산,10362.0,11,2019
세종,11411.4,11,2019
강원,8221.95,11,2019
충북,7570.199999999999,11,2019
충남,8598.15,11,2019
전북,8146.049999999999,11,2019
전남,7920.0,11,2019
경북,8723.55,11,2019
경남,9791.1,11,2019
제주,12561.45,11,2019
서울,26428.05,12,2019
인천,12827.1,12,2019
경기,14487.0,12,2019
부산,13061.4,12,2019
대구,13963.95,12,2019
광주,12071.4,12,2019
대전,11866.8,12,2019
울산,10362.0,12,2019
세종,11411.4,12,2019
강원,8221.95,12,2019
충북,7570.199999999999,12,2019
충남,8598.15,12,2019
전북,8146.049999999999,12,2019
전남,7920.0,12,2019
경북,8723.55,12,2019
경남,9791.1,12,2019
제주,12561.45,12,2019
서울,26769.6,1,2020
인천,14648.7,1,2020
경기,14331.9,1,2020
부산,13266.0,1,2020
대구,15302.1,1,2020
광주,12624.15,1,2020
대전,11030.25,1,2020
울산,12581.25,1,2020
세종,11355.3,1,2020
강원,9271.349999999999,1,2020
충북,7924.95,1,2020
충남,8863.8,1,2020
전북,8225.25,1,2020
전남,8571.75,1,2020
경북,9929.7,1,2020
경남,10263.0,1,2020
제주,15130.5,1,2020
서울,26769.6,2,2020
인천,14648.7,2,2020
경기,14331.9,2,2020
부산,13266.0,2,2020
대구,15302.1,2,2020
광주,12624.15,2,2020
대전,11030.25,2,2020
울산,12581.25,2,2020
세종,11355.3,2,2020
강원,9271.349999999999,2,2020
충북,7924.95,2,2020
충남,8863.8,2,2020
전북,8225.25,2,2020
전남,8571.75,2,2020
경북,9929.7,2,2020
경남,10263.0,2,2020
제주,15130.5,2,2020
서울,26769.6,3,2020
인천,14648.7,3,2020
경기,14331.9,3,2020
부산,13266.0,3,2020
대구,15302.1,3,2020
광주,12624.15,3,2020
대전,11030.25,3,2020
울산,12581.25,3,2020
세종,11355.3,3,2020
강원,9271.349999999999,3,2020
충북,7924.95,3,2020
충남,8863.8,3,2020
전북,8225.25,3,2020
전남,8571.75,3,2020
경북,9929.7,3,2020
경남,10263.0,3,2020
제주,15130.5,3,2020
서울,26769.6,4,2020
인천,14648.7,4,2020
경기,14331.9,4,2020
부산,13266.0,4,2020
대구,15302.1,4,2020
광주,12624.15,4,2020
대전,11030.25,4,2020
울산,12581.25,4,2020
세종,11355.3,4,2020
강원,9271.349999999999,4,2020
충북,7924.95,4,2020
충남,8863.8,4,2020
전북,8225.25,4,2020
전남,8571.75,4,2020
경북,9929.7,4,2020
경남,10263.0,4,2020
제주,15130.5,4,2020
서울,26769.6,5,2020
인천,14648.7,5,2020
경기,14331.9,5,2020
부산,13266.0,5,2020
대구,15302.1,5,2020
광주,12624.15,5,2020
대전,11030.25,5,2020
울산,12581.25,5,2020
세종,11355.3,5,2020
강원,9271.349999999999,5,2020
충북,7924.95,5,2020
충남,8863.8,5,2020
전북,8225.25,5,2020
전남,8571.75,5,2020
경북,9929.7,5,2020
경남,10263.0,5,2020
제주,15130.5,5,2020
서울,26769.6,6,2020
인천,14648.7,6,2020
경기,14331.9,6,2020
부산,13266.0,6,2020
대구,15302.1,6,2020
광주,12624.15,6,2020
대전,11030.25,6,2020
울산,12581.25,6,2020
세종,11355.3,6,2020
강원,9271.349999999999,6,2020
충북,7924.95,6,2020
충남,8863.8,6,2020
전북,8225.25,6,2020
전남,8571.75,6,2020
경북,9929.7,6,2020
경남,10263.0,6,2020
제주,15130.5,6,2020
서울,26769.6,7,2020
인천,14648.7,7,2020
경기,14331.9,7,2020
부산,13266.0,7,2020
대구,15302.1,7,2020
광주,12624.15,7,2020
대전,11030.25,7,2020
울산,12581.25,7,2020
세종,11355.3,7,2020
강원,9271.349999999999,7,2020
충북,7924.95,7,2020
충남,8863.8,7,2020
전북,8225.25,7,2020
전남,8571.75,7,2020
경북,9929.7,7,2020
경남,10263.0,7,2020
제주,15130.5,7,2020
서울,26769.6,8,2020
인천,14648.7,8,2020
경기,14331.9,8,2020
부산,13266.0,8,2020
대구,15302.1,8,2020
광주,12624.15,8,2020
대전,11030.25,8,2020
울산,12581.25,8,2020
세종,11355.3,8,2020
강원,9271.349999999999,8,2020
충북,7924.95,8,2020
충남,8863.8,8,2020
전북,8225.25,8,2020
전남,8571.75,8,2020
경북,9929.7,8,2020
경남,10263.0,8,2020
제주,15130.5,8,2020
서울,26769.6,9,2020
인천,14648.7,9,2020
경기,14331.9,9,2020
부산,13266.0,9,2020
대구,15302.1,9,2020
광주,12624.15,9,2020
대전,11030.25,9,2020
울산,12581.25,9,2020
세종,11355.3,9,2020
강원,9271.349999999999,9,2020
충북,7924.95,9,2020
충남,8863.8,9,2020
전북,8225.25,9,2020
전남,8571.75,9,2020
경북,9929.7,9,2020
경남,10263.0,9,2020
제주,15130.5,9,2020
서울,26769.6,10,2020
인천,14648.7,10,2020
경기,14331.9,10,2020
부산,13266.0,10,2020
대구,15302.1,10,2020
광주,12624.15,10,2020
대전,11030.25,10,2020
울산,12581.25,10,2020
세종,11355.3,10,2020
강원,9271.349999999999,10,2020
충북,7924.95,10,2020
충남,8863.8,10,2020
전북,8225.25,10,2020
전남,8571.75,10,2020
경북,9929.7,10,2020
경남,10263.0,10,2020
제주,15130.5,10,2020
서울,26769.6,11,2020
인천,14648.7,11,2020
경기,14331.9,11,2020
부산,13266.0,11,2020
대구,15302.1,11,2020
광주,12624.15,11,2020
대전,11030.25,11,2020
울산,12581.25,11,2020
세종,11355.3,11,2020
강원,9271.349999999999,11,2020
충북,7924.95,11,2020
충남,8863.8,11,2020
전북,8225.25,11,2020
전남,8571.75,11,2020
경북,9929.7,11,2020
경남,10263.0,11,2020
제주,15130.5,11,2020
서울,26769.6,12,2020
인천,14648.7,12,2020
경기,14331.9,12,2020
부산,13266.0,12,2020
대구,15302.1,12,2020
광주,12624.15,12,2020
대전,11030.25,12,2020
울산,12581.25,12,2020
세종,11355.3,12,2020
강원,9271.349999999999,12,2020
충북,7924.95,12,2020
충남,8863.8,12,2020
전북,8225.25,12,2020
전남,8571.75,12,2020
경북,9929.7,12,2020
경남,10263.0,12,2020
제주,15130.5,12,2020
서울,29769.3,1,2021
인천,14950.65,1,2021
경기,14173.5,1,2021
부산,14460.6,1,2021
대구,15528.15,1,2021
광주,14127.3,1,2021
대전,12196.8,1,2021
울산,14256.0,1,2021
세종,12533.4,1,2021
강원,9607.95,1,2021
충북,8677.35,1,2021
충남,9306.0,1,2021
전북,8834.099999999999,1,2021
전남,9857.099999999999,1,2021
경북,10338.9,1,2021
경남,10523.7,1,2021
제주,23756.7,1,2021
서울,29769.3,2,2021
인천,14950.65,2,2021
경기,14173.5,2,2021
부산,14460.6,2,2021
대구,15528.15,2,2021
광주,14127.3,2,2021
대전,12196.8,2,2021
울산,14256.0,2,2021
세종,12533.4,2,2021
강원,9607.95,2,2021
충북,8677.35,2,2021
충남,9306.0,2,2021
전북,8834.099999999999,2,2021
전남,9857.099999999999,2,2021
경북,10338.9,2,2021
경남,10523.7,2,2021
제주,23756.7,2,2021
서울,29769.3,3,2021
인천,14950.65,3,2021
경기,14173.5,3,2021
부산,14460.6,3,2021
대구,15528.15,3,2021
광주,14127.3,3,2021
대전,12196.8,3,2021
울산,14256.0,3,2021
세종,12533.4,3,2021
강원,9607.95,3,2021
충북,8677.35,3,2021
충남,9306.0,3,2021
전북,8834.099999999999,3,2021
전남,9857.099999999999,3,2021
경북,10338.9,3,2021
경남,10523.7,3,2021
제주,23756.7,3,2021
서울,29769.3,4,2021
인천,14950.65,4,2021
경기,14173.5,4,2021
부산,14460.6,4,2021
대구,15528.15,4,2021
광주,14127.3,4,2021
대전,12196.8,4,2021
울산,14256.0,4,2021
세종,12533.4,4,2021
강원,9607.95,4,2021
충북,8677.35,4,2021
충남,9306.0,4,2021
전북,8834.099999999999,4,2021
전남,9857.099999999999,4,2021
경북,10338.9,4,2021
경남,10523.7,4,2021
제주,23756.7,4,2021
서울,29769.3,5,2021
인천,14950.65,5,2021
경기,14173.5,5,2021
부산,14460.6,5,2021
대구,15528.15,5,2021
광주,14127.3,5,2021
대전,12196.8,5,2021
울산,14256.0,5,2021
세종,12533.4,5,2021
강원,9607.95,5,2021
충북,8677.35,5,2021
충남,9306.0,5,2021
전북,8834.099999999999,5,2021
전남,9857.099999999999,5,2021
경북,10338.9,5,2021
경남,10523.7,5,2021
제주,23756.7,5,2021
서울,29769.3,6,2021
인천,14950.65,6,2021
경기,14173.5,6,2021
부산,14460.6,6,2021
대구,15528.15,6,2021
광주,14127.3,6,2021
대전,12196.8,6,2021
울산,14256.0,6,2021
세종,12533.4,6,2021
강원,9607.95,6,2021
충북,8677.35,6,2021
충남,9306.0,6,2021
전북,8834.099999999999,6,2021
전남,9857.099999999999,6,2021
경북,10338.9,6,2021
경남,10523.7,6,2021
제주,23756.7,6,2021
서울,29769.3,7,2021
인천,14950.65,7,2021
경기,14173.5,7,2021
부산,14460.6,7,2021
대구,15528.15,7,2021
광주,14127.3,7,2021
대전,12196.8,7,2021
울산,14256.0,7,2021
세종,12533.4,7,2021
강원,9607.95,7,2021
충북,8677.35,7,2021
충남,9306.0,7,2021
전북,8834.099999999999,7,2021
전남,9857.099999999999,7,2021
경북,10338.9,7,2021
경남,10523.7,7,2021
제주,23756.7,7,2021
서울,29769.3,8,2021
인천,14950.65,8,2021
경기,14173.5,8,2021
부산,14460.6,8,2021
대구,15528.15,8,2021
광주,14127.3,8,2021
대전,12196.8,8,2021
울산,14256.0,8,2021
세종,12533.4,8,2021
강원,9607.95,8,2021
충북,8677.35,8,2021
충남,9306.0,8,2021
전북,8834.099999999999,8,2021
전남,9857.099999999999,8,2021
경북,10338.9,8,2021
경남,10523.7,8,2021
제주,23756.7,8,2021
서울,29769.3,9,2021
인천,14950.65,9,2021
경기,14173.5,9,2021
부산,14460.6,9,2021
대구,15528.15,9,2021
광주,14127.3,9,2021
대전,12196.8,9,2021
울산,14256.0,9,2021
세종,12533.4,9,2021
강원,9607.95,9,2021
충북,8677.35,9,2021
충남,9306.0,9,2021
전북,8834.099999999999,9,2021
전남,9857.099999999999,9,2021
경북,10338.9,9,2021
경남,10523.7,9,2021
제주,23756.7,9,2021
서울,29769.3,10,2021
인천,14950.65,10,2021
경기,14173.5,10,2021
부산,14460.6,10,2021
대구,15528.15,10,2021
광주,14127.3,10,2021
대전,12196.8,10,2021
울산,14256.0,10,2021
세종,12533.4,10,2021
강원,9607.95,10,2021
충북,8677.35,10,2021
충남,9306.0,10,2021
전북,8834.099999999999,10,2021
전남,9857.099999999999,10,2021
경북,10338.9,10,2021
경남,10523.7,10,2021
제주,23756.7,10,2021
서울,29769.3,11,2021
인천,14950.65,11,2021
경기,14173.5,11,2021
부산,14460.6,11,2021
대구,15528.15,11,2021
광주,14127.3,11,2021
대전,12196.8,11,2021
울산,14256.0,11,2021
세종,12533.4,11,2021
강원,9607.95,11,2021
충북,8677.35,11,2021
충남,9306.0,11,2021
전북,8834.099999999999,11,2021
전남,9857.099999999999,11,2021
경북,10338.9,11,2021
경남,10523.7,11,2021
제주,23756.7,11,2021
서울,29769.3,12,2021
인천,14950.65,12,2021
경기,14173.5,12,2021
부산,14460.6,12,2021
대구,15528.15,12,2021
광주,14127.3,12,2021
대전,12196.8,12,2021
울산,14256.0,12,2021
세종,12533.4,12,2021
강원,9607.95,12,2021
충북,8677.35,12,2021
충남,9306.0,12,2021
전북,8834.099999999999,12,2021
전남,9857.099999999999,12,2021
경북,10338.9,12,2021
경남,10523.7,12,2021
제주,23756.7,12,2021
서울,28997.1,1,2022
인천,16115.55,1,2022
경기,16308.599999999999,1,2022
부산,17938.8,1,2022
대구,16496.699999999997,1,2022
광주,15176.7,1,2022
대전,13761.0,1,2022
울산,17981.7,1,2022
세종,11926.2,1,2022
강원,10703.55,1,2022
충북,9890.099999999999,1,2022
충남,10164.0,1,2022
전북,9992.400000000001,1,2022
전남,10263.0,1,2022
경북,11543.400000000001,1,2022
경남,11908.05,1,2022
제주,21318.0,1,2022
서울,28997.1,2,2022
인천,16115.55,2,2022
경기,16308.599999999999,2,2022
부산,17938.8,2,2022
대구,16496.699999999997,2,2022
광주,15176.7,2,2022
대전,13761.0,2,2022
울산,17981.7,2,2022
세종,11926.2,2,2022
강원,10703.55,2,2022
충북,9890.099999999999,2,2022
충남,10164.0,2,2022
전북,9992.400000000001,2,2022
전남,10263.0,2,2022
경북,11543.400000000001,2,2022
경남,11908.05,2,2022
제주,21318.0,2,2022
서울,28997.1,3,2022
인천,16115.55,3,2022
경기,16308.599999999999,3,2022
부산,17938.8,3,2022
대구,16496.699999999997,3,2022
광주,15176.7,3,2022
대전,13761.0,3,2022
울산,17981.7,3,2022
세종,11926.2,3,2022
강원,10703.55,3,2022
충북,9890.099999999999,3,2022
충남,10164.0,3,2022
전북,9992.400000000001,3,2022
전남,10263.0,3,2022
경북,11543.400000000001,3,2022
경남,11908.05,3,2022
제주,21318.0,3,2022
서울,28997.1,4,2022
인천,16115.55,4,2022
경기,16308.599999999999,4,2022
부산,17938.8,4,2022
대구,16496.699999999997,4,2022
광주,15176.7,4,2022
대전,13761.0,4,2022
울산,17981.7,4,2022
세종,11926.2,4,2022
강원,10703.55,4,2022
충북,9890.099999999999,4,2022
충남,10164.0,4,2022
전북,9992.400000000001,4,2022
전남,10263.0,4,2022
경북,11543.400000000001,4,2022
경남,11908.05,4,2022
제주,21318.0,4,2022
서울,28997.1,5,2022
인천,16115.55,5,2022
경기,16308.599999999999,5,2022
부산,17938.8,5,2022
대구,16496.699999999997,5,2022
광주,15176.7,5,2022
대전,13761.0,5,2022
울산,17981.7,5,2022
세종,11926.2,5,2022
강원,10703.55,5,2022
충북,9890.099999999999,5,2022
충남,10164.0,5,2022
전북,9992.400000000001,5,2022
전남,10263.0,5,2022
경북,11543.400000000001,5,2022
경남,11908.05,5,2022
제주,21318.0,5,2022
서울,28997.1,6,2022
인천,16115.55,6,2022
경기,16308.599999999999,6,2022
부산,17938.8,6,2022
대구,16496.699999999997,6,2022
광주,15176.7,6,2022
대전,13761.0,6,2022
울산,17981.7,6,2022
세종,11926.2,6,2022
강원,10703.55,6,2022
충북,9890.099999999999,6,2022
충남,10164.0,6,2022
전북,9992.400000000001,6,2022
전남,10263.0,6,2022
경북,11543.400000000001,6,2022
경남,11908.05,6,2022
제주,21318.0,6,2022
서울,28997.1,7,2022
인천,16115.55,7,2022
경기,16308.599999999999,7,2022
부산,17938.8,7,2022
대구,16496.699999999997,7,2022
광주,15176.7,7,2022
대전,13761.0,7,2022
울산,17981.7,7,2022
세종,11926.2,7,2022
강원,10703.55,7,2022
충북,9890.099999999999,7,2022
충남,10164.0,7,2022
전북,9992.400000000001,7,2022
전남,10263.0,7,2022
경북,11543.400000000001,7,2022
경남,11908.05,7,2022
제주,21318.0,7,2022
서울,28997.1,8,2022
인천,16115.55,8,2022
경기,16308.599999999999,8,2022
부산,17938.8,8,2022
대구,16496.699999999997,8,2022
광주,15176.7,8,2022
대전,13761.0,8,2022
울산,17981.7,8,2022
세종,11926.2,8,2022
강원,10703.55,8,2022
충북,9890.099999999999,8,2022
충남,10164.0,8,2022
전북,9992.400000000001,8,2022
전남,10263.0,8,2022
경북,11543.400000000001,8,2022
경남,11908.05,8,2022
제주,21318.0,8,2022
서울,28997.1,9,2022
인천,16115.55,9,2022
경기,16308.599999999999,9,2022
부산,17938.8,9,2022
대구,16496.699999999997,9,2022
광주,15176.7,9,2022
대전,13761.0,9,2022
울산,17981.7,9,2022
세종,11926.2,9,2022
강원,10703.55,9,2022
충북,9890.099999999999,9,2022
충남,10164.0,9,2022
전북,9992.400000000001,9,2022
전남,10263.0,9,2022
경북,11543.400000000001,9,2022
경남,11908.05,9,2022
제주,21318.0,9,2022
서울,28997.1,10,2022
인천,16115.55,10,2022
경기,16308.599999999999,10,2022
부산,17938.8,10,2022
대구,16496.699999999997,10,2022
광주,15176.7,10,2022
대전,13761.0,10,2022
울산,17981.7,10,2022
세종,11926.2,10,2022
강원,10703.55,10,2022
충북,9890.099999999999,10,2022
충남,10164.0,10,2022
전북,9992.400000000001,10,2022
전남,10263.0,10,2022
경북,11543.400000000001,10,2022
경남,11908.05,10,2022
제주,21318.0,10,2022
서울,28997.1,11,2022
인천,16115.55,11,2022
경기,16308.599999999999,11,2022
부산,17938.8,11,2022
대구,16496.699999999997,11,2022
광주,15176.7,11,2022
대전,13761.0,11,2022
울산,17981.7,11,2022
세종,11926.2,11,2022
강원,10703.55,11,2022
충북,9890.099999999999,11,2022
충남,10164.0,11,2022
전북,9992.400000000001,11,2022
전남,10263.0,11,2022
경북,11543.400000000001,11,2022
경남,11908.05,11,2022
제주,21318.0,11,2022
서울,28997.1,12,2022
인천,16115.55,12,2022
경기,16308.599999999999,12,2022
부산,17938.8,12,2022
대구,16496.699999999997,12,2022
광주,15176.7,12,2022
대전,13761.0,12,2022
울산,17981.7,12,2022
세종,11926.2,12,2022
강원,10703.55,12,2022
충북,9890.099999999999,12,2022
충남,10164.0,12,2022
전북,9992.400000000001,12,2022
전남,10263.0,12,2022
경북,11543.400000000001,12,2022
경남,11908.05,12,2022
제주,21318.0,12,2022
서울,31861.5,1,2023
인천,16429.05,1,2023
경기,19437.0,1,2023
부산,20654.7,1,2023
대구,17087.399999999998,1,2023
광주,18011.399999999998,1,2023
대전,16219.5,1,2023
울산,17991.6,1,2023
세종,12279.3,1,2023
강원,13167.0,1,2023
충북,10680.45,1,2023
충남,11777.7,1,2023
전북,11160.599999999999,1,2023
전남,11310.75,1,2023
경북,12741.3,1,2023
경남,11876.7,1,2023
제주,24175.8,1,2023
서울,31861.5,2,2023
인천,16429.05,2,2023
경기,19437.0,2,2023
부산,20654.7,2,2023
대구,17087.399999999998,2,2023
광주,18011.399999999998,2,2023
대전,16219.5,2,2023
울산,17991.6,2,2023
세종,12279.3,2,2023
강원,13167.0,2,2023
충북,10680.45,2,2023
충남,11777.7,2,2023
전북,11160.599999999999,2,2023
전남,11310.75,2,2023
경북,12741.3,2,2023
경남,11876.7,2,2023
제주,24175.8,2,2023
서울,31861.5,3,2023
인천,16429.05,3,2023
경기,19437.0,3,2023
부산,20654.7,3,2023
대구,17087.399999999998,3,2023
광주,18011.399999999998,3,2023
대전,16219.5,3,2023
울산,17991.6,3,2023
세종,12279.3,3,2023
강원,13167.0,3,2023
충북,10680.45,3,2023
충남,11777.7,3,2023
전북,11160.599999999999,3,2023
전남,11310.75,3,2023
경북,12741.3,3,2023
경남,11876.7,3,2023
제주,24175.8,3,2023
서울,31861.5,4,2023
인천,16429.05,4,2023
경기,19437.0,4,2023
부산,20654.7,4,2023
대구,17087.399999999998,4,2023
광주,18011.399999999998,4,2023
대전,16219.5,4,2023
울산,17991.6,4,2023
세종,12279.3,4,2023
강원,13167.0,4,2023
충북,10680.45,4,2023
충남,11777.7,4,2023
전북,11160.599999999999,4,2023
전남,11310.75,4,2023
경북,12741.3,4,2023
경남,11876.7,4,2023
제주,24175.8,4,2023
서울,31861.5,5,2023
인천,16429.05,5,2023
경기,19437.0,5,2023
부산,20654.7,5,2023
대구,17087.399999999998,5,2023
광주,18011.399999999998,5,2023
대전,16219.5,5,2023
울산,17991.6,5,2023
세종,12279.3,5,2023
강원,13167.0,5,2023
충북,10680.45,5,2023
충남,11777.7,5,2023
전북,11160.599999999999,5,2023
전남,11310.75,5,2023
경북,12741.3,5,2023
경남,11876.7,5,2023
제주,24175.8,5,2023
서울,31861.5,6,2023
인천,16429.05,6,2023
경기,19437.0,6,2023
부산,20654.7,6,2023
대구,17087.399999999998,6,2023
광주,18011.399999999998,6,2023
대전,16219.5,6,2023
울산,17991.6,6,2023
세종,12279.3,6,2023
강원,13167.0,6,2023
충북,10680.45,6,2023
충남,11777.7,6,2023
전북,11160.599999999999,6,2023
전남,11310.75,6,2023
경북,12741.3,6,2023
경남,11876.7,6,2023
제주,24175.8,6,2023
서울,31861.5,7,2023
인천,16429.05,7,2023
경기,19437.0,7,2023
부산,20654.7,7,2023
대구,17087.399999999998,7,2023
광주,18011.399999999998,7,2023
대전,16219.5,7,2023
울산,17991.6,7,2023
세종,12279.3,7,2023
강원,13167.0,7,2023
충북,10680.45,7,2023
충남,11777.7,7,2023
전북,11160.599999999999,7,2023
전남,11310.75,7,2023
경북,12741.3,7,2023
경남,11876.7,7,2023
제주,24175.8,7,2023
서울,31861.5,8,2023
인천,16429.05,8,2023
경기,19437.0,8,2023
부산,20654.7,8,2023
대구,17087.399999999998,8,2023
광주,18011.399999999998,8,2023
대전,16219.5,8,2023
울산,17991.6,8,2023
세종,12279.3,8,2023
강원,13167.0,8,2023
충북,10680.45,8,2023
충남,11777.7,8,2023
전북,11160.599999999999,8,2023
전남,11310.75,8,2023
경북,12741.3,8,2023
경남,11876.7,8,2023
제주,24175.8,8,2023
서울,31861.5,9,2023
인천,16429.05,9,2023
경기,19437.0,9,2023
부산,20654.7,9,2023
대구,17087.399999999998,9,2023
광주,18011.399999999998,9,2023
대전,16219.5,9,2023
울산,17991.6,9,2023
세종,12279.3,9,2023
강원,13167.0,9,2023
충북,10680.45,9,2023
충남,11777.7,9,2023
전북,11160.599999999999,9,2023
전남,11310.75,9,2023
경북,12741.3,9,2023
경남,11876.7,9,2023
제주,24175.8,9,2023
서울,31861.5,10,2023
인천,16429.05,10,2023
경기,19437.0,10,2023
부산,20654.7,10,2023
대구,17087.399999999998,10,2023
광주,18011.399999999998,10,2023
대전,16219.5,10,2023
울산,17991.6,10,2023
세종,12279.3,10,2023
강원,13167.0,10,2023
충북,10680.45,10,2023
충남,11777.7,10,2023
전북,11160.599999999999,10,2023
전남,11310.75,10,2023
경북,12741.3,10,2023
경남,11876.7,10,2023
제주,24175.8,10,2023
서울,31861.5,11,2023
인천,16429.05,11,2023
경기,19437.0,11,2023
부산,20654.7,11,2023
대구,17087.399999999998,11,2023
광주,18011.399999999998,11,2023
대전,16219.5,11,2023
울산,17991.6,11,2023
세종,12279.3,11,2023
강원,13167.0,11,2023
충북,10680.45,11,2023
충남,11777.7,11,2023
전북,11160.599999999999,11,2023
전남,11310.75,11,2023
경북,12741.3,11,2023
경남,11876.7,11,2023
제주,24175.8,11,2023
서울,31861.5,12,2023
인천,16429.05,12,2023
경기,19437.0,12,2023
부산,20654.7,12,2023
대구,17087.399999999998,12,2023
광주,18011.399999999998,12,2023
대전,16219.5,12,2023
울산,17991.6,12,2023
세종,12279.3,12,2023
강원,13167.0,12,2023
충북,10680.45,12,2023
충남,11777.7,12,2023
전북,11160.599999999999,12,2023
전남,11310.75,12,2023
경북,12741.3,12,2023
경남,11876.7,12,2023
제주,24175.8,12,2023
서울,37943.4,1,2024
인천,18117.0,1,2024
경기,20908.8,1,2024
부산,20691.0,1,2024
대구,23964.6,1,2024
광주,18885.9,1,2024
대전,17592.3,1,2024
울산,16942.2,1,2024
세종,18126.9,1,2024
강원,14774.1,1,2024
충북,12962.4,1,2024
충남,11932.8,1,2024
전북,12134.1,1,2024
전남,12147.3,1,2024
경북,13784.1,1,2024
경남,13840.2,1,2024
제주,24773.1,1,2024
서울,37943.4,2,2024
인천,18117.0,2,2024
경기,20908.8,2,2024
부산,20691.0,2,2024
대구,23964.6,2,2024
광주,18885.9,2,2024
대전,17592.3,2,2024
울산,16942.2,2,2024
세종,18126.9,2,2024
강원,14774.1,2,2024
충북,12962.4,2,2024
충남,11932.8,2,2024
전북,12134.1,2,2024
전남,12147.3,2,2024
경북,13784.1,2,2024
경남,13840.2,2,2024
제주,24773.1,2,2024
서울,37943.4,3,2024
인천,18117.0,3,2024
경기,20908.8,3,2024
부산,20691.0,3,2024
대구,23964.6,3,2024
광주,18885.9,3,2024
대전,17592.3,3,2024
울산,16942.2,3,2024
세종,18126.9,3,2024
강원,14774.1,3,2024
충북,12962.4,3,2024
충남,11932.8,3,2024
전북,12134.1,3,2024
전남,12147.3,3,2024
경북,13784.1,3,2024
경남,13840.2,3,2024
제주,24773.1,3,2024
서울,37943.4,4,2024
인천,18117.0,4,2024
경기,20908.8,4,2024
부산,20691.0,4,2024
대구,23964.6,4,2024
광주,18885.9,4,2024
대전,17592.3,4,2024
울산,16942.2,4,2024
세종,18126.9,4,2024
강원,14774.1,4,2024
충북,12962.4,4,2024
충남,11932.8,4,2024
전북,12134.1,4,2024
전남,12147.3,4,2024
경북,13784.1,4,2024
경남,13840.2,4,2024
제주,24773.1,4,2024
서울,37943.4,5,2024
인천,18117.0,5,2024
경기,20908.8,5,2024
부산,20691.0,5,2024
대구,23964.6,5,2024
광주,18885.9,5,2024
대전,17592.3,5,2024
울산,16942.2,5,2024
세종,18126.9,5,2024
강원,14774.1,5,2024
충북,12962.4,5,2024
충남,11932.8,5,2024
전북,12134.1,5,2024
전남,12147.3,5,2024
경북,13784.1,5,2024
경남,13840.2,5,2024
제주,24773.1,5,2024
서울,37943.4,6,2024
인천,18117.0,6,2024
경기,20908.8,6,2024
부산,20691.0,6,2024
대구,23964.6,6,2024
광주,18885.9,6,2024
대전,17592.3,6,2024
울산,16942.2,6,2024
세종,18126.9,6,2024
강원,14774.1,6,2024
충북,12962.4,6,2024
충남,11932.8,6,2024
전북,12134.1,6,2024
전남,12147.3,6,2024
경북,13784.1,6,2024
경남,13840.2,6,2024
제주,24773.1,6,2024
서울,37943.4,7,2024
인천,18117.0,7,2024
경기,20908.8,7,2024
부산,20691.0,7,2024
대구,23964.6,7,2024
광주,18885.9,7,2024
대전,17592.3,7,2024
울산,16942.2,7,2024
세종,18126.9,7,2024
강원,14774.1,7,2024
충북,12962.4,7,2024
충남,11932.8,7,2024
전북,12134.1,7,2024
전남,12147.3,7,2024
경북,13784.1,7,2024
경남,13840.2,7,2024
제주,24773.1,7,2024
